"","Built","n","prop"
"1","3.3.0",24,0.216216216216216
"2","3.3.2",54,0.486486486486487
"3","3.3.3",33,0.297297297297297
